marka,model,il,yurus,muherrik,qiymet
Mercedes,GLE 53 AMG 4MATIC+ Coupe,2023,0,3.0,207356
Jaguar,F-Pace,2023,0,2.0,135320
Bentley,Continental GT,2025,0,4.0,843192
Toyota,Frontlander,2025,0,2.0,46999
Porsche,Macan S,2015,91000,3.0,43500
Lexus,RX 350,2020,268800,3.5,36500
BYD,Seal 05,2020,0,1.5,24200
Chevrolet,Cruze,2015,26000,1.4,19000
BYD,Destroyer 05,2020,0,1.5,25900
Land,Rover Discovery,2021,63000,3.0,93500
Ford,Mondeo,2016,145500,2.0,25500
Kia,Sorento,2016,181000,2.0,34700
Hyundai,Sonata,2010,165500,2.4,20000
LADA,(VAZ) 2107,2020,33000,1.6,8300
Lexus,RX 200t,2019,170000,2.0,52700
Hyundai,Santa Fe,2018,208000,2.0,40900
BMW,X5,2020,105000,4.4,54999
Ford,F-150,2020,270000,3.0,76500
Toyota,Aqua,2017,95000,1.5,19500
Hyundai,Elantra,2014,135000,1.8,18000
Volkswagen,Passat,2010,268000,1.8,9800
Opel,Astra,1998,434700,1.8,8600
Mercedes,E 220 d,2019,156452,2.1,44000
Land,Rover Range Rover,2016,81700,3.0,60010
Mercedes,E 240,2020,381000,2.4,13700
Ford,Transit,2000,124000,2.5,13500
Hyundai,Elantra,2023,119000,1.6,29900
Mercedes,E 350 4MATIC,2007,173000,3.5,22000
Mitsubishi,Pajero,2007,210000,3.0,21900
Toyota,Land Cruiser,2011,180000,4.0,45000
Mercedes,EQS 450+,2022,202212000,2.0,89999
Ford,Transit,2002,380000,2.4,19000
Hyundai,Sonata,2010,266000,2.4,16900
Volkswagen,Passat,2006,323000,2.0,9400
Dayun,DY200-22A,2024,0,0.2,2999
BMW,528,2020,162000,2.0,27700
BYD,Song Plus DM-Ä°,2023,27000,1.5,31500
Changan,Eado,2025,0,1.5,30000
Lexus,LX 570,2020,106000,5.7,43500
Subaru,Forester,2009,450000,2.0,14500
BMW,530,2020,85000,2.0,45900
Toyota,Camry,2025,0,2.0,59700
Hyundai,Sonata,2014,124444,2.4,20500
Toyota,Land Cruiser,2013,170000,4.0,53500
Hyundai,Sonata,2022,16000,1.6,39950
Toyota,Land Cruiser Prado,2018,103000,2.7,63500
BMW,428,2020,193121,2.0,29800
Land,Rover Range Rover,2023,88000,3.0,279650
Opel,Astra,2009,288888,1.4,7500
Isuzu,NP 37,2020,100000,4.3,17000
BYD,Destroyer 05,2020,18000,1.5,31000
BYD,Destroyer 05,2020,0,1.5,24800
BMW,525,2020,285000,2.5,18000
BMW,760,2020,300000,6.0,7500
Mitsubishi,Pajero,2002,398563,3.2,15800
Toyota,Land Cruiser,2008,165000,4.7,40800
Mercedes,Sprinter 315,2020,211989,2.2,27900
Changan,Uni-Z,2025,0,1.5,35900
Changan,Deepal S09,2020,0,1.5,72250
Changan,Qiyuan Q07,2020,0,1.5,43500
Kia,Sorento,2018,181200,2.0,38000
Land,Rover Range Rover,2016,115873,3.0,63750
Jeep,Grand Cherokee,2014,160000,3.6,40000
Mercedes,E 320,2020,325000,3.2,6800
Toyota,Prius,2008,171400,1.5,12400
Changan,Uni-Z,2025,3500,1.5,36000
Land,Rover RR Sport,2011,249355,3.0,30000
LADA,(VAZ) Niva,2014,131500,1.7,10500
Toyota,Prius,2008,244800,1.5,12800
Land,Rover Range Rover,2018,190417,3.0,102000
Tofas,Sahin,2004,4786,1.6,37000
Li,Auto L7,2020,0,1.5,111350
Chevrolet,Tracker,2025,0,1.2,29400
Changan,Eado,2025,0,1.5,26500
Kia,Rio,2011,244444,1.4,14000
Hyundai,Grandeur,2023,22960,1.6,72760
Kia,Sorento,2015,243427,2.0,34900
Li,Auto L6,2020,7200,1.5,72500
Toyota,Prius,2007,395646,1.5,12800
Mercedes,C 220,2020,365255,2.2,12900
Toyota,Land Cruiser,2010,192000,4.0,45500
Chevrolet,Malibu,2018,167000,1.5,18900
LADA,(VAZ) Niva,2012,218484,1.7,7500
Mercedes-Maybach,GLS 600 4MATIC,2021,22000,4.0,316200
Audi,A6,2020,289000,2.8,3200
Hyundai,Elantra,2019,149682,2.0,25800
Chevrolet,Malibu,2020,101389,1.5,20500
Kia,Soul,2015,151278,1.6,17900
Opel,Vectra,1998,200000,2.0,4800
Ravon,Nexia R3,2020,376600,1.5,11900
Mercedes,E 350,2020,336000,3.5,21500
Ford,Tourneo Connect,2006,250125,1.8,11000
Tufan,M50,2020,700,0.1,1500
Kia,Ceed SW,2007,250680,1.4,13000
Chevrolet,Cruze,2014,300000,1.4,12800
LADA,(VAZ) 2101,2020,32359,1.3,1900
Mercedes,190,2020,223459,2.0,5200
Land,Rover Discovery Sport,2016,80000,2.0,40000
Mercedes,C 180,2020,350000,1.8,6800
Opel,Astra,2001,330000,1.6,7500
Mercedes,410 D,1995,155889,2.5,18000
BMW,540,2020,440000,4.4,7900
Chevrolet,Trax,2017,115000,1.4,17500
Mercedes,Sprinter 316,2020,132000,2.2,63000
LADA,(VAZ) 2107,2020,140000,1.6,8500
BMW,M5,2020,174000,4.4,45560
Changan,Deepal S07,2020,0,1.5,52500
Changan,Qiyuan Q07,2020,0,1.5,47500
Voyah,Dream,2025,20250,2.0,110500
Li,Auto L9,2020,0,1.5,122000
BMW,330,2020,107000,2.0,35500
Changan,Uni-Z,2025,0,1.5,34900
Toyota,Corolla,2011,187000,1.6,18700
Chevrolet,Aveo,2012,220000,1.4,10500
Kia,Sorento,2019,132455,2.0,43500
Li,Auto L7,2020,28441,1.5,73950
Volkswagen,Jetta,2018,163000,1.4,22900
Lexus,GX 470,2020,238000,4.7,19900
CFMOTO,300 NK,2022,18000,0.3,5300
Nissan,Juke,2012,148000,1.5,16500
Volkswagen,Touareg,2011,362000,3.6,20900
Kia,Optima,2011,195000,2.0,20500
Changan,Qiyuan Q07,2020,0,1.5,49000
Hyundai,H-1,2020,310000,2.5,17300
Changan,Uni-Z,2024,0,1.5,33000
LADA,(VAZ) 2107,2020,96000,1.6,7000
BMW,530,2020,225000,3.0,15900
Opel,Vita,1998,263000,1.4,5700
Ford,Mustang,2017,120000,2.3,28990
Changan,Uni-T,2023,14500,1.5,36500
HOWO,Sinotruk,2012,266000,9.5,38000
Kia,Optima,2013,215970,2.0,16950
Hyundai,Elantra,2014,371758,1.8,17800
Jeep,Wrangler,2024,45000,2.0,65450
Chevrolet,Cruze,2013,109000,1.8,16500
Mercedes,C 180,2020,352000,1.8,9300
LADA,(VAZ) 2107,2020,82000,1.6,7300
Lexus,LX 500d,2026,0,3.3,260100
KamAz,5511,2020,253842,11.0,16500
Chevrolet,Cruze,2016,175500,1.4,16800
Lexus,LX 600,2020,0,3.5,285600
Ford,F-150,2020,19000,2.7,135150
Changan,Qiyuan Q07,2020,0,1.5,42999
Mercedes,GLS 450 4MATIC,2024,0,3.0,234122
GAC,Aion Hyper HT,2025,20250,2.0,48000
Mercedes,E 220,2020,261000,2.1,18400
Fiat,Punto,2007,138000,1.4,5900
Changan,Qiyuan A05,2020,19000,1.5,29000
Changan,Uni-Z,2025,0,1.5,34600
BMW,X5 M,2020,65000,4.4,153000
BMW,528,2020,195000,2.0,27200
Changan,Qiyuan Q05,2020,0,1.5,30100
SEAT,Ibiza,2012,165007,1.4,8900
LADA,(VAZ) 2107,2020,13058,1.7,5000
Toyota,Prius,2010,383442,1.8,15700
Hyundai,Santa Fe,2014,172000,2.0,28700
Toyota,Corolla Levin,2024,0,1.8,37600
Porsche,Panamera GTS,2014,105000,4.8,75650
Denza,N9,2020,0,2.0,140590
Land,Rover Range Rover,2010,170042,5.0,32300
Changan,CS 55 Plus,2025,0,1.5,33333
Opel,Vita,1996,312457,1.4,3600
Changan,Uni-Z,2025,0,1.5,36400
Mercedes,E 230,2020,300000,2.3,11000
Hyundai,Elantra,2011,230000,1.8,17800
Chevrolet,Malibu,2020,265000,1.5,23500
BYD,Destroyer 05,2020,0,1.5,26300
Changan,Deepal S07,2020,0,1.5,56700
LADA,(VAZ) 21099,2020,256450,1.5,8600
KAIYI,X7,2020,5700,1.6,53444
Nissan,Note,2020,74000,1.2,18900
Toyota,Hilux,2005,150000,2.7,6800
BMW,525,2020,345728,2.5,7600
Changan,Eado,2025,0,1.5,29000
Mitsubishi,L200,2002,0,2.4,72300
Renault,Dokker,2019,247056,1.6,21500
Changan,Uni-Z,2025,0,1.5,36500
Changan,Qiyuan Q07,2020,0,1.5,42000
BMW,X5,2020,177028,2.0,51754
LADA,(VAZ) Niva,2025,1050,1.7,21900
BYD,Destroyer 05,2020,0,1.5,23100
Kia,K3,2020,236000,1.6,21000
Changan,Qiyuan Q07,2020,8000,1.5,39900
Mercedes,Vito,2009,222898,2.1,19800
LADA,(VAZ) Niva,2025,5800,1.7,24000
Changan,Oshan X5 Plus,2025,0,1.5,30700
LADA,(VAZ) 2107,2020,49000,1.6,10895
Changan,Qiyuan Q07,2020,0,1.5,47700
Kia,Rio X-Line,2021,76000,1.4,26800
Mercedes,C 220,2020,475000,2.2,6400
Hyundai,Accent,2015,115000,1.6,20700
Changan,Qiyuan Q07,2020,0,1.5,52700
Kia,K5,2020,150000,2.0,28500
BYD,Leopard 7,2020,0,1.5,76700
Chevrolet,Cruze,2015,205000,1.4,16700
DAF,105 XF,2013,909500,13.0,65000
Land,Rover Range Rover,2014,99700,4.4,82450
Geely,Radar RD6,2020,62024900,2.0,45900
Land,Rover Discovery,2017,160000,3.0,41500
Toyota,Corolla,2025,0,1.8,34900
BMW,750,2020,77000,4.4,72080
BYD,Leopard 7,2020,0,1.5,76900
Toyota,Camry,2025,0,2.0,73900
Volvo,FH 460,2020,1287000,13.0,62000
Toyota,Corolla,2024,0,1.8,35400
Nissan,X-Trail,2015,127000,2.5,25900
GAC,S7,2020,0,1.5,69900
Changan,Eado,2025,0,1.5,29550
Hyundai,Venue,2025,0,1.6,34900
Lexus,RX 350h,2023,38000,2.5,93500
Kia,Sorento,2016,158000,2.0,37900
BMW,428,2020,150000,2.0,42500
Toyota,Camry,2023,80000,2.5,58700
BMW,M4,2020,15000,3.0,207400
Hyundai,Tucson,2023,27300,1.6,49000
Hyundai,ix35,2020,210000,2.0,21499
BMW,X5,2020,158000,2.0,59500
Lexus,LX 570,2020,199000,5.7,45390
LADA,(VAZ) 2107,2020,200000,1.7,5000
Land,Rover Discovery Sport,2020,18000,2.0,60000
Porsche,Macan,2017,48000,2.0,49500
Toyota,Prius,2010,381607,1.8,15700
Toyota,Prius,2006,230000,1.5,11300
Chevrolet,Cobalt,2025,8000,1.5,31664
Volvo,S90,2020,0,2.0,73000
Ford,Fusion (North America),2018,178000,1.5,18900
LADA,(VAZ) 2107,2020,89000,1.6,8000
Hyundai,i30,2020,213000,1.6,13500
Changan,Qiyuan Q07,2020,15000,1.5,43400
Chevrolet,Cruze,2014,260000,1.4,12500
KamAz,65115,2020,355000,11.0,42000
Kia,Optima,2020,189900,2.0,32400
Changan,Uni-V iDD,2024,8000,1.5,38500
BMW,X5,2020,383000,4.4,13000
Toyota,RAV4,2020,0,2.5,77690
Changan,Deepal S09,2020,0,1.5,99900
Land,Rover Range Rover,2010,67000,5.0,48280
Changan,Uni-Z,2025,0,1.5,37400
Mercedes,C 200,2001,432500,2.0,4400
Changan,Uni-V iDD,2025,0,1.5,39900
Land,Rover Range Rover,2014,170000,3.0,59500
BYD,Destroyer 05,2020,0,1.5,24500
Changan,Uni-Z,2025,0,1.5,36800
Mercedes,S 400 4MATIC,2023,1700,2.5,224400
BMW,328,2020,248000,2.0,30000
ZIL,130,2020,200000,6.0,9500
Lexus,ES 300h,2022,45000,2.5,58650
Isuzu,NPR 66 P,2008,265741,3.9,35500
BMW,430,2020,129000,2.0,36000
Changan,Uni-Z,2025,25000,1.5,31800
Mercedes,C 300,2020,215436,2.0,34500
Jeep,Wrangler,2024,38000,2.0,79900
Audi,A6,2020,19900,2.0,80008
Changan,Nevo Q05,2020,0,1.5,36900
Honda,Insight,2009,342691,1.3,10800
Toyota,Frontlander,2025,0,2.0,46400
Mercedes,E 300,2020,140496,2.0,51900
Changan,Qiyuan Q07,2020,0,1.5,46400
Hummer,H3,2020,168700,3.7,24800
LADA,(VAZ) 2106,2020,31000,1.6,35700
Kia,Cerato,2020,87000,1.6,31000
Volvo,XC90,2020,339854,4.4,16000
Audi,A4,2020,137000,1.8,19000
Mercedes,E 220,2020,400000,2.2,16500
Ford,Transit,2010,315000,2.4,20000
Hyundai,Getz,2007,166000,1.6,11000
Mercedes,Sprinter 313,2020,564245,2.9,21000
Kia,Optima,2012,183000,2.0,18000
Jeep,Wrangler,2023,59000,2.0,67900
Toyota,Land Cruiser,1998,500000,4.2,11000
GAZ,GAZel (330202-740),2020,259550,2.5,16000
Mercedes,GL 450 4MATIC,2016,163000,3.0,56950
BMW,528,2020,270351,2.0,20000
Mercedes,GLE 53 AMG 4MATIC+ Coupe,2023,0,3.0,202880
Changan,Qiyuan Q07,2020,0,1.5,46000
Mercedes,E 350 e,2025,0,2.0,179415
Changan,Deepal S07,2020,0,1.5,43500
Lexus,LX 570,2020,240500,5.7,45500
Nissan,X-Trail,2013,208456,2.5,19800
Mercedes,E 220,2020,338000,2.2,12500
Mercedes,GLE 350 de 4MATIC,2025,0,2.0,197748
Land,Rover Discovery,2008,240000,4.4,21500
Toyota,Aqua,2020,58450,1.5,19800
Mercedes,E 220,2020,400000,2.2,15500
Hyundai,Sonata,2022,23000,2.0,41500
Nissan,X-Trail,2002,350000,2.0,10500
Khazar,LX,2021,180000,1.7,11000
Chevrolet,Cruze,2012,280528,1.4,10999
BMW,328,2020,180000,2.0,31790
Mercedes,Atego 815,2020,340450,4.3,28750
Toyota,Prius,2008,413601,1.5,12800
Mercedes,C 200,2001,264000,2.0,10710
Honda,HR-V,2018,104290,1.8,30333
Mercedes,C 240,2020,232149,2.6,10500
Toyota,Corolla Cross,2024,170000,2.0,29500
Toyota,Camry,2012,300000,2.5,17800
Toyota,Camry,2014,152900,2.5,35500
Toyota,Aqua,2017,200000,1.5,15200
Lexus,GX 460,2020,186542,4.6,43500
Mercedes,V 250,2020,108400,2.0,149900
Tofas,Sahin,2004,98000,1.6,4700
Nissan,Kicks,2023,10800,1.6,29200
Hyundai,Sonata,2025,0,1.5,45850
Changan,Qiyuan Q05,2020,0,1.5,32500
Hyundai,Sonata,2010,262883,2.4,16500
Changan,Uni-Z,2025,0,1.5,32999
Kia,Sorento,2017,104000,2.0,37500
Changan,Qiyuan Q05,2020,0,1.5,33000
JAC,T8,2020,0,2.0,43500
Minsk,X250,2020,0,0.3,3699
BMW,X7,2020,127000,3.0,123760
Chevrolet,Equinox,2018,147413,1.5,15800
Geely,Coolray,2024,10000,1.5,34000
Kia,Sportage,2016,146000,2.0,31399
BMW,528,2020,192000,2.0,30000
Mercedes,190,2020,563247,2.0,5600
Hyundai,Grandeur,2011,399000,3.0,20500
Land,Rover Range Rover,2023,19800,3.0,301750
Mercedes,Atego 816,2020,280000,4.3,43500
Changan,Qiyuan A07,2020,0,1.5,34000
Changan,Qiyuan Q05,2020,520260,2.0,29650
Changan,Qiyuan Q05,2020,0,1.5,33500
Changan,Uni-Z,2025,2882,1.5,33800
Changan,Qiyuan A07,2020,0,1.5,34500
Toyota,Land Cruiser Prado,2010,240000,2.7,32500
Changan,Qiyuan Q07,2020,0,1.5,46500
Mercedes,C 300,2020,64623,2.0,38900
Changan,Deepal S07,2020,0,1.5,42500
Mercedes,190,2020,285832,2.0,3700
Geely,Monjaro,2025,0,1.5,52500
Hyundai,Sonata,2023,36500,2.0,46500
Chevrolet,Lacetti,2007,240000,1.4,7000
Kia,Optima,2018,172060,2.0,29700
Hyundai,Santa Fe,2025,10378,1.6,75500
Land,Rover Range Rover,2021,97000,3.0,135150
Hyundai,Verna,2009,333450,1.5,8300
Toyota,Camry,2019,181000,2.5,43400
Chevrolet,Malibu,2016,287754,1.5,14200
Lexus,GS 300,2020,240000,3.0,11500
Nissan,Murano,2010,141151,3.5,17000
Honda,Insight,2021,65000,1.5,28500
Changan,Eado,2025,0,1.5,27500
Land,Rover RR Velar,2023,0,2.0,137870
Jeep,Cherokee,2014,150000,2.4,20900
JETOUR,T2 i-DM,2025,14800,1.5,60500
Mercedes,GL 350 4MATIC,2010,151000,3.0,37000
Toyota,Corolla,2025,0,1.8,35300
Ford,Transit,2010,182676,2.4,28500
Khazar,SD,2021,130000,1.7,11500
Hyundai,Elantra,2022,89000,2.0,34500
BMW,525,2020,150000,2.5,19500
BMW,X5,2020,126400,3.0,57500
Nissan,X-Trail,2002,282500,2.0,11000
Hyundai,Avante,2014,160000,1.6,18900
BMW,X5,2020,91000,3.0,94350
Mercedes,Atego 815,2020,647000,4.3,23800
Hyundai,Elantra,2015,219214,1.8,22000
Mitsubishi,Pajero io,2000,370000,1.8,7500
Toyota,Corolla,2007,354000,1.6,9500
Nissan,X-Trail,2023,21700,1.5,52500
Chevrolet,Cruze,2013,250000,1.4,12500
Mercedes,C 300,2020,79902,2.0,43800
Kia,Forte,2017,236574,2.0,17500
Hyundai,ix35,2020,76174,2.0,27300
Mercedes,Atego 1224,2020,373000,6.4,44000
BMW,X4,2020,103000,2.0,46000
LADA,(VAZ) Niva,2005,200000,1.7,6300
LADA,(VAZ) 2106,2020,160,1.5,3400
Harley-Davidson,Sportster S,2022,4000,1.3,32000
Toyota,Land Cruiser,2010,169000,4.0,45000
BMW,X5,2020,166000,3.0,52900
GAZ,"21 ""Volga""",2020,80000,2.5,28000
Changan,Qiyuan Q07,2020,0,1.5,49800
Dodge,Challenger,2018,70000,3.6,62000
Toyota,RAV4,2020,78000,2.5,48900
Land,Rover Range Rover,2017,140020,3.0,46750
Geely,Galaxy L6,2020,0,1.5,37900
Lexus,LX 500d,2024,12000,3.3,224777
Changan,Deepal S07,2020,0,1.5,41500
Mercedes,E 350,2020,247000,3.5,29500
Toyota,Fortuner,2006,388856,2.7,18900
BYD,Seal 05,2020,29000,1.5,23800
Chevrolet,Cruze,2014,142500,1.4,13400
Land,Rover Range Rover,2017,53000,5.0,124950
Peugeot,Khazar 406,2020,90000,1.7,11000
VGV,U70 Plus,2025,0,1.5,31000
Hyundai,Elantra,2026,0,1.5,32400
Mercedes,GL 550 4MATIC,2010,360000,5.5,26500
Toyota,Yaris Cross,2023,22400,1.5,38000
Nissan,Maxima,2010,168000,3.5,16300
Toyota,Corolla,2005,350000,1.4,12900
Mitsubishi,Pajero,2007,358265,3.0,15800
Hyundai,i30,2020,355001,1.6,12800
GAZ,GAZel (33023-744),2020,230260,2.5,18800
Mercedes,C 220,2020,381000,2.2,14200
Changan,Uni-Z,2025,0,1.5,35700
Kia,Soul,2008,183000,1.6,14000
Toyota,Prius,2007,200000,1.5,13000
Chevrolet,Malibu,2020,147000,1.5,19500
Ford,Transit,2009,157850,2.4,27500
Kia,Forte,2019,96570,2.0,25500
Mercedes,E 270,2020,481365,2.7,13000
Toyota,Aqua,2019,95000,1.5,18200
ZEEKR,001,2020,1202419000,2.0,65450
Changan,Uni-Z,2025,0,1.5,35000
Honda,Pilot,2010,255000,3.5,9999
Changan,Uni-Z,2025,0,1.5,32000
LADA,(VAZ) 2107,2020,77300,1.6,4500
BYD,Destroyer 05,2020,35000,1.5,36000
Ford,Mondeo,2013,75000,2.3,23000
Dodge,Durango,2023,0,3.6,92800
Seres,Aito M7,2020,173,1.5,41800
Mercedes,CLE 200,2002,21000,2.0,148562
Toyota,Corolla,2025,0,2.0,34500
BMW,320,2020,145000,2.0,45500
Ford,Transit,1999,256895,2.4,14500
Changan,Uni-Z,2025,0,1.5,34450
Land,Rover Range Rover,2016,181000,3.0,70500
BMW,428,2020,202000,2.0,31500
Land,Rover Range Rover,2012,150000,5.0,31500
Mercedes,C 300,2020,184000,2.0,36500
Toyota,RAV4,2020,34000,2.5,56000
Hyundai,Palisade,2019,149800,2.2,57000
Fiat,Doblo,2008,200000,1.4,9400
Kia,Sorento,2023,5500,1.6,74000
Mercedes,S 55 AMG,2005,149000,5.4,28500
Kia,Sorento,2024,19000,1.6,67800
Opel,Astra,2007,411000,1.3,10000
Toyota,Corolla,2024,40000,1.8,30500
Opel,Zafira,2004,310665,1.8,9500
Mercedes,S 350,2020,236000,3.5,23200
BMW,X5 M,2016,126000,4.4,69500
Opel,Astra,2005,269000,1.4,10800
Mercedes,E 300 4MATIC,2017,176000,2.0,41310
BYD,Destroyer 05,2020,60000,1.5,22000
Mercedes,E 350,2020,119000,2.0,62050
BYD,Seal 05,2020,0,1.5,23900
GAZ,GAZel (33021),2020,200000,2.5,17000
Ravon,Nexia R3,2020,196000,1.5,9700
Ford,Transit,2010,170000,2.2,20500
Volkswagen,Passat (North America),2013,228000,1.8,15500
Volkswagen,Jetta,2013,329916,1.8,11500
Changan,Uni-Z,2025,0,1.5,33700
Chevrolet,Aveo,2011,350000,1.4,8500
LADA,(VAZ) 2109,2020,223000,1.5,2500
Jeep,Wrangler,2023,0,2.0,108970
Changan,Deepal S09,2020,0,1.5,70900
Land,Rover RR Sport,2023,0,3.0,229160
Hyundai,Accent,2014,326216,1.6,14900
Changan,Uni-Z,2025,0,1.5,35500
BMW,X5,2020,31000,3.0,161500
Dodge,Dart,2013,235700,1.4,14500
Land,Rover Discovery,2015,159000,3.0,43800
Hyundai,Grandeur,2023,34771,1.6,71500
Nissan,X-Trail,2003,268000,2.0,10700
Kia,Sorento,2009,163200,2.0,25200
Mercedes,E 220,2020,224000,2.1,22800
LADA,(VAZ) 2107,2020,98000,1.6,8400
Toyota,Frontlander,2025,0,2.0,42200
BMW,535,2020,236000,3.0,26800
Mercedes,C 230,2020,253000,2.3,14400
Land,Rover Range Rover,2006,245000,4.2,22800
Mitsubishi,Pajero,2008,274895,3.0,23500
Chevrolet,Cruze,2015,229000,1.4,11900
BMW,520,2020,130000,2.0,32800
BMW,X5,2020,133000,4.4,36000
Nissan,Tiida,2012,178000,1.8,13900
BMW,328,2020,228000,2.0,20800
Hyundai,Elantra,2015,198473,1.6,19000
Kia,Optima,2015,175414,2.4,21800
Volkswagen,Passat,2017,107000,1.8,27500
Mercedes,CLA 250 e,2023,58000,1.3,73500
LADA,(VAZ) 21099,2020,300000,1.6,4600
Lexus,CT 200h,2015,225000,1.8,23400
Land,Rover Range Rover,2011,200000,5.0,26800
BYD,Destroyer 05,2020,0,1.5,23900
Changan,Qiyuan Q07,2020,0,1.5,41310
Toyota,Highlander,2025,0,2.5,92310
Land,Rover Range Rover,2021,58000,3.0,121550
Kia,Sorento,2023,193121,1.6,32000
Toyota,Camry,2017,129000,2.5,35700
Geely,Galaxy Starship 7,2020,0,1.5,45900
Arctic,Cat XR 700 XT EPS,2016,3500,0.7,12500
Changan,Qiyuan Q05,2020,0,1.5,30300
BMW,428,2020,166000,2.0,30000
Chery,Tiggo 8 Pro e+,2023,31000,1.5,35700
BMW,X5,2020,218000,3.0,39500
Nissan,Patrol,2021,101000,4.0,88000
Volkswagen,Passat,2006,413601,2.0,8400
Hyundai,Accent,2022,106217,1.6,20500
Hyundai,County,2006,578329,4.2,39000
Ravon,Nexia R3,2020,257000,1.5,10300
Land,Rover Range Rover,2019,60000,3.0,144500
Lynk,& Co 900,2020,0,1.5,99700
Denza,N9,2020,10000,2.0,118150
Kia,Stinger,2017,148000,2.0,37500
Hyundai,Grandeur,2009,255000,2.7,13300
Toyota,Land Cruiser Prado,2008,197000,4.0,35000
Mercedes,S 430,2020,280000,4.3,7700
BMW,735,2020,543912,3.6,13800
Hyundai,Genesis Coupe,2013,92200,2.0,20700
Toyota,Corolla Fielder,2016,214000,1.5,15500
LADA,(VAZ) 21099,2020,234947,1.5,3900
Kia,K3,2020,148500,1.6,20900
BMW,320,2020,213000,2.0,23800
Changan,CS 55 Plus,2025,15000,1.5,38590
Nissan,Sunny,2008,356000,1.6,11800
Mercedes,E 250,2020,227000,1.8,23200
Skoda,Kamiq,2024,27825,1.0,53934
Fiat,Tempra,1996,810500,1.6,3000
LADA,(VAZ) 2106,2020,562358,1.6,2850
Kia,K5,2020,167500,2.0,23500
Haval,M6,2020,0,1.5,32900
Land,Rover Range Rover,2023,39500,3.0,229900
BYD,Seal 05,2020,0,1.5,22900
Toyota,Corolla,2025,0,1.8,33500
LADA,(VAZ) Niva,2007,165000,1.7,14900
Mercedes,Sprinter 316,2020,420000,2.7,28500
Mercedes,190,2020,580000,2.6,3300
BMW,X5,2020,181000,3.0,49900
Jeep,Grand Cherokee,1999,333000,4.7,11900
Hyundai,ix35,2020,135600,2.0,23500
Hyundai,Elantra,2018,110000,2.0,25000
Toyota,Camry,2025,0,2.5,78000
Mercedes,E 200,2002,183100,2.0,24000
Porsche,Cayenne,2007,204700,3.6,20500
Changan,Uni-Z,2025,0,1.5,35999
Opel,Astra,1995,327000,1.6,4900
LADA,(VAZ) 2115,2020,75000,1.5,7800
Mitsubishi,Pajero,2006,255000,3.0,21500
LADA,(VAZ) 2115,2020,174900,1.5,9000
BYD,Destroyer 05,2020,1900,1.5,23300
BMW,528,2020,85900,2.0,29900
Kia,Sorento,2017,137000,2.0,37900
Chevrolet,Equinox,2020,160510,1.5,23000
Hyundai,Santa Fe,2009,260000,2.0,20800
LADA,(VAZ) Niva,2014,174000,1.7,14300
Mazda,6,2020,250000,2.3,5200
Volkswagen,Jetta,2019,191000,1.4,25400
Mercedes,GLE 350 e 4MATIC,2022,90000,2.0,127500
Changan,Uni-Z,2025,7300,1.5,32900
Toyota,Land Cruiser,2001,165000,4.2,7900
Land,Rover Range Rover,2011,237000,5.0,27800
Land,Rover RR Evoque,2012,185000,2.0,31500
BMW,530,2020,350000,2.9,6900
BMW,530e,2024,14000,2.0,144547
Mercedes,S 350,2020,298000,3.5,29000
Ford,Bronco Sport,2021,64374,1.5,29000
BMW,330,2020,250000,3.0,17400
Kia,K5,2020,73193,1.6,35500
Toyota,Prius,2008,234000,1.5,13500
Hyundai,i30,2020,210000,2.0,14700
Mercedes,E 200,2002,210500,2.0,30800
Kia,Sportage,2012,118000,2.4,22500
Hyundai,Grandeur,2015,242000,2.2,27000
Kia,Rio,2014,247741,1.2,12500
Ford,Transit,2009,186000,3.2,24500
Mercedes,E 220,2020,312000,2.1,20800
Toyota,Aqua,2017,73000,1.5,18000
Mercedes,C 220,2020,261000,2.2,26000
Land,Rover Range Rover,2020,73000,3.0,113900
Toyota,Land Cruiser,2010,274000,4.0,39500
BMW,X5,2020,90000,4.8,38800
Changan,Qiyuan Q07,2020,4900,1.5,44700
LADA,(VAZ) 21099,2020,225000,1.6,8000
Toyota,HiAce,2009,105600,2.5,15800
Mercedes,Sprinter 316,2020,777000,2.2,42500
Mercedes,C 180,2020,390000,1.8,10800
FAW,Bestune B30,2020,19999,1.6,16500
Changan,CS 75 Plus,2023,17000,1.5,37900
BYD,Leopard 5,2020,14000,1.5,71900
Tesla,Model X,2017,201789000,2.0,57000
Mercedes,EQC 400 4MATIC,2022,202235000,2.0,77000
Changan,Eado,2025,0,1.5,28900
Geely,Galaxy Starship 7,2020,0,1.5,31900
Changan,Qiyuan Q07,2020,0,1.5,50000
Toyota,Prius,2007,400000,1.5,12000
Toyota,Aqua,2020,37000,1.5,20700
JAC,JS3,2020,0,1.6,24000
Geely,Coolray,2021,96400,1.5,24700
Jaguar,XFR,2009,160000,5.0,29750
Toyota,Highlander,2024,5510,2.5,87000
Land,Rover Range Rover,2013,180000,5.0,53000
Hyundai,Elantra,2022,31600,2.0,31800
Lexus,RX 300,2020,91000,2.0,59330
BMW,328,2020,156000,2.0,30000
MAN,TGA 18.440,2020,1500000,12.0,49900
Ford,Tourneo Connect,2007,457000,1.8,14500
GAZ,"3110 ""Volga""",2020,225000,2.3,4200
Mercedes,GLC 300,2020,193000,2.0,41500
Volkswagen,Golf,2000,250000,1.4,4800
Ford,Transit,2008,173000,2.2,17700
ROX,(Polar Stone) 01,2020,0,1.5,105999
Chevrolet,Equinox,2018,91733,1.5,22300
Geely,Galaxy Starship 7,2020,0,1.5,37700
Changan,Qiyuan Q07,2020,0,1.5,44000
Leapmotor,C16,2020,0,1.5,54500
JETOUR,T2 i-DM,2025,0,1.5,66500
Changan,Qiyuan A05,2020,0,1.5,27700
Changan,Qiyuan A05,2020,0,1.5,28900
Changan,Qiyuan Q05,2020,0,1.5,31500
BYD,Destroyer 05,2020,0,1.5,24400
Hyundai,Tucson,2006,231000,2.0,15000
BMW,X6,2020,176000,3.0,36800
Nissan,X-Trail,2008,142837,2.5,15800
Mercedes,S 400,2020,226000,3.0,50150
Changan,Deepal S09,2020,0,1.5,85000
Changan,Qiyuan Q07,2020,0,1.5,44900
Mercedes,GLS 450 4MATIC,2025,0,3.0,259556
Mitsubishi,Pajero,2006,210000,3.0,14300
BMW,530,2020,109030,2.0,42500
Volkswagen,ID.6 Crozz,2023,202352000,2.0,33999
Bestune,T99,2020,33000,2.0,34500
Kia,Optima,2019,130172,2.0,29500
BMW,528,2020,220000,2.0,28000
Bestune,T99,2020,33000,2.0,32300
Mercedes,C 220,2020,335544,2.2,6800
Mercedes,Vito,2007,324000,2.1,16200
Kia,Sportage,2008,149000,2.0,16900
Kia,Sportage,2016,169000,2.0,32900
Hyundai,Santa Fe,2015,169000,2.0,30900
BMW,528,2020,260000,2.0,29900
Hyundai,Sonata,2015,89000,2.0,24900
Mini,Countryman,2015,147000,1.6,19900
Mercedes,GLC 300,2020,141622,2.0,59900
BMW,X5,2020,118000,3.0,47430
Nissan,X-Trail,2012,174000,2.5,19900
Kia,K3,2020,198000,1.6,19900
Mercedes,E 240,2020,348000,2.4,14600
Mercedes,S 350,2020,199860,3.5,26500
Chevrolet,Niva,2003,350000,1.7,7800
Hyundai,Grandeur,2023,36000,1.6,63000
Changan,Uni-V iDD,2023,49000,1.5,29900
BMW,730,2020,152000,3.0,20700
Toyota,Camry,2011,300000,2.4,15400
LADA,(VAZ) 2107,2020,28000,1.5,2000
Mercedes,Sprinter 316,2020,657000,2.2,48500
LADA,(VAZ) 2107,2020,250000,1.6,4700
Changan,Qiyuan Q07,2020,0,1.5,48550
Mitsubishi,Eclipse Cross,2025,0,2.0,47500
Hyundai,Elantra,2017,135000,2.0,22800
BMW,M3,2020,93000,3.0,110500
Hyundai,Sonata,2013,219000,2.0,18900
Porsche,Cayenne S,2016,96000,3.6,67150
BMW,X7,2020,197000,3.0,98600
Jeep,Grand Cherokee,2014,282000,3.0,41000
Jeep,Grand Cherokee,2012,185785,3.6,21600
Land,Rover Range Rover,2014,220000,3.0,67500
Toyota,Land Cruiser Prado,2012,72064,2.7,42500
Mercedes,E 300 4MATIC,2017,165000,2.0,46500
Changan,Qiyuan Q07,2020,0,1.5,42200
Hyundai,Grandeur,2017,158000,2.4,33000
LADA,(VAZ) 2107,2020,20257,1.5,4700
BYD,Seal 05,2020,0,1.5,24500
BYD,Qin Plus,2025,0,1.5,24500
Toyota,Corolla,2021,62000,1.6,34200
LADA,(VAZ) 2115,2020,313546,1.6,6400
Volkswagen,Passat,2002,400000,1.8,7500
Moskvich,412,2020,66300,1.5,8000
Mercedes,C 240,2020,398642,2.4,13000
Hyundai,Santa Fe,2007,200600,2.7,17500
Nissan,Sunny,2019,162994,1.5,17500
BMW,528,2020,145000,2.0,28900
LADA,(VAZ) 2106,2020,98000,1.5,1900
Land,Rover Range Rover,2016,113000,3.0,74900
Toyota,Land Cruiser Prado,2006,214000,2.7,25500
BMW,530e,2024,17000,2.0,139400
Ford,Fusion (North America),2019,157716,1.5,20200
Kia,Soul,2012,195766,1.6,17900
Nissan,Teana,2008,345000,2.5,14900
Alfa,Romeo Stelvio,2022,0,2.0,86190
Changan,Qiyuan Q07,2020,0,1.5,43000
Mercedes,SL 43 AMG,2023,22000,2.0,215900
Toyota,Land Cruiser Prado,2012,199000,2.7,49000
BYD,Qin Plus,2025,0,1.5,26800
Porsche,718 Cayman GT4 RS,2024,4800,4.0,392596
Ford,Bronco,2024,6000,2.7,115600
BMW,520,2020,146116,2.0,43800
Kia,K5,2020,181000,2.0,29000
Changan,Qiyuan A05,2020,23000,1.5,36000
MAN,TGA 18.440,2020,999000,12.0,81600
Kia,Carens,2006,258000,2.0,13200
Toyota,Prius,2012,513941,1.8,16900
Hyundai,Getz,2005,254000,1.3,8400
Ford,Transit,2007,440000,2.4,17500
Opel,Vectra,1996,201066,1.6,4800
Lifan,520,2020,300000,1.6,2500
Ford,Fusion (North America),2018,131000,1.5,28400
Ford,Fusion (North America),2019,239000,1.5,22500
Hyundai,Elantra,2022,90000,1.6,26500
Changan,Deepal S07,2020,0,1.5,49200
BMW,528,2020,255000,2.0,23800
Kia,Rio,2014,133000,1.6,13800
Kia,Rio,2017,203500,1.6,18500
Tesla,Model 3,2020,3202350000,2.0,34500
Opel,Astra,1996,374000,1.6,5900
Chevrolet,Malibu,2018,250000,1.5,17300
BMW,328,2020,190000,2.0,25800
BYD,Destroyer 05,2020,0,1.5,25000
Mercedes,GL 500 4MATIC,2013,85000,4.7,68850
Changan,Qiyuan Q07,2020,0,1.5,42500
ZEEKR,9X,2025,0,2.0,213900
Kia,Sorento,2015,180000,2.0,37500
Land,Rover Discovery Sport,2019,127127,2.0,47500
Toyota,Camry,2006,268000,3.5,16900
Opel,Astra,2008,220000,1.8,13700
Hyundai,Elantra,2018,193121,2.0,23400
Changan,Qiyuan Q07,2020,0,1.5,50500
Ford,Transit,1999,230000,2.5,13700
Toyota,Avalon,2025,0,2.5,65900
Land,Rover RR Evoque,2019,93000,2.0,54400
Mitsubishi,Pajero,2008,63400,3.0,28000
LADA,(VAZ) Niva,2015,140000,1.7,11000
BMW,525,2020,286542,2.5,8100
LADA,(VAZ) 2107,2020,72564,1.6,4500
Mercedes,ML 320,2020,278000,3.2,8400
Changan,Qiyuan Q05,2020,0,1.5,30000
Lexus,LX 470,2020,292000,4.7,26000
LADA,(VAZ) 2106,2020,267000,1.6,5300
GAZ,"3110 ""Volga""",2020,450000,2.1,5600
LADA,(VAZ) 2107,2020,20008,1.6,5000
Jeep,Wrangler,2023,20400,2.0,69900
Hyundai,Sonata,2008,240000,2.0,21400
Porsche,Cayenne S,2020,226000,2.9,70550
Mercedes,E 320,2020,242000,3.2,12200
Mercedes,C 200,2002,300000,2.0,12200
Cadillac,CTS,2014,240000,2.0,23000
Mitsubishi,Outlander Sport,2025,0,1.5,45800
Toyota,Hilux,2021,293944,2.4,38300
Land,Rover Range Rover,2024,0,3.0,342720
Toyota,Prius,2008,270676,1.5,11900
Changan,Uni-Z,2025,0,1.5,34500
Honda,CR-V,2025,2800,2.0,61500
Changan,Uni-Z,2025,0,1.5,34000
Mercedes,GLS 450 4MATIC,2025,0,3.0,197200
Mercedes,E 350,2020,235000,3.5,24999
KamAz,65115,2020,580000,11.0,20000
Mercedes,E 350,2020,223000,3.5,20500
Mercedes,Vito 111 CDI,2001,400000,2.1,12000
Toyota,Camry,2018,138000,2.5,38500
Ford,Transit,2008,220000,2.4,20500
Mercedes,C 200,2002,187000,2.0,31800
Mercedes,C 220,2020,450000,2.2,10800
Khazar,LD,2020,250000,1.7,12500
Toyota,Land Cruiser Prado,2014,125670,2.7,47500
Mercedes,C 300,2020,128000,2.0,36500
LADA,(VAZ) 2106,2020,212350,1.5,3500
Mazda,CX-60,2020,11200,2.5,67900
Chevrolet,Cruze,2015,288000,1.4,13800
DAF,105 XF,2011,999870,13.0,25500
Changan,Qiyuan Q05,2020,0,1.5,28000
Toyota,Land Cruiser,2012,219000,4.0,47260
Geely,Monjaro,2025,0,1.5,50200
BMW,430,2020,183213,2.0,27500
Changan,Qiyuan Q07,2020,0,1.5,45500
LADA,(VAZ) Priora,2008,423000,1.6,8100
Lexus,GX 460,2020,190000,4.6,48900
Hyundai,Sonata,2005,153000,2.4,13900
Renault,Megane,2008,336800,1.6,4800
Mercedes,GL 350 4MATIC,2015,175000,3.0,70000
JMC,Touring,2025,0,2.0,58500
Changan,Qiyuan Q07,2020,0,1.5,46899
Fiat,Doblo,2025,0,1.6,41500
BYD,Qin Plus,2025,0,1.5,25500
Land,Rover Range Rover,2018,116000,3.0,72250
Mercedes,S 580 4MATIC,2021,40000,4.0,181900
Hyundai,Elantra,2023,51850,1.6,36000
Kia,Sportage,2014,141000,2.0,24400
Mercedes,GLE 450 e 4MATIC,2023,20000,2.0,139400
Mercedes,G 63 AMG,2018,79260,4.0,275400
Hyundai,Tucson,2022,92000,2.0,41000
LADA,(VAZ) Granta,2024,74511,1.6,16000
Ford,Fusion (North America),2019,199797,1.5,18900
LADA,(VAZ) 2107,2020,26791,1.7,6500
Mercedes,C 200,2002,350000,1.8,13000
Ford,Fusion (North America),2018,125000,1.5,21700
Toyota,Aqua,2019,171000,1.5,16900
BMW,523,2020,369886,2.5,9200
Kia,Cerato,2012,223410,1.6,16800
Toyota,Corolla Fielder,2016,243000,1.5,22500
LADA,(VAZ) Niva,2008,400000,1.7,6700
Changan,Uni-Z,2025,0,1.5,32500
Lincoln,MKZ,2016,217000,2.0,20000
Hyundai,Grandeur,2023,97500,1.6,66500
Tesla,Model 3,2020,3202327500,2.0,32400
Mitsubishi,Pajero,2013,170000,3.8,28500
Mercedes,Sprinter 315,2020,186000,2.2,24500
LADA,(VAZ) 2107,2020,203000,1.6,2900
Toyota,Highlander,2011,342000,3.5,24700
Chevrolet,Equinox,2018,171000,1.5,25500
Geely,Galaxy M9,2020,0,1.5,80750
Land,Rover Range Rover,2016,176000,3.0,53000
VGV,U75 Plus,2025,0,2.0,33500
Fiat,Doblo,2019,141441,1.4,19900
Nissan,Teana,2026,0,2.0,44591
Mitsubishi,Outlander,2015,240000,3.0,26500
Kia,K5,2020,125000,1.7,25500
Kia,Rio,2014,390000,1.1,12900
Mini,Countryman,2014,188000,1.6,17000
Mercedes,C 180,2020,390000,1.8,8500
Hyundai,Sonata,2011,228722,2.4,19500
Volkswagen,ID.6 Crozz,2022,202250000,2.0,37000
Changan,Uni-Z,2025,0,1.5,33000
Mercedes,G 63 AMG,2021,45000,4.0,365500
Kia,Rio,2005,306000,1.4,10000
Changan,Eado,2025,0,1.5,29200
Li,Auto L9,2020,20000,1.5,96000
Toyota,Aqua,2019,110050,1.5,20800
Skoda,Kodiaq RS,2022,78000,2.0,37500
Mercedes,C 240,2020,350000,2.4,11900
Mercedes,E 220,2020,270000,2.1,30800
Kia,Sorento,2022,66000,1.6,60500
LADA,(VAZ) Niva,2012,308260,1.7,8800
Land,Rover Range Rover,2018,145000,3.0,83300
BMW,525,2020,238000,2.5,10000
Honda,Insight,2021,62000,1.5,28700
Kia,Sorento,2018,156214,2.0,41000
Kia,Sorento,2017,150780,2.0,43500
LADA,(VAZ) 2115,2020,229000,1.5,5700
Mercedes,E 270,2020,450000,2.7,13900
Kia,Optima,2012,262338,2.0,18000
Ford,Fusion (North America),2020,65000,1.5,21500
Mercedes,S 350,2020,217777,3.5,38500
Kia,Forte,2017,110000,2.0,21500
Ford,Transit,2007,254000,2.4,17500
Ford,Transit,2013,199500,2.2,28300
Hyundai,Santa Fe,2025,0,1.6,79900
GAC,S7,2020,0,1.5,61900
Mini,Cooper S,2025,0,2.0,100188
Ford,Fusion (North America),2018,120456,2.0,23800
Li,Auto L7,2020,10000,1.5,80000
Hyundai,Santa Fe,2023,53800,1.6,46900
BMW,528,2020,112500,2.8,14800
Toyota,Frontlander,2025,455,2.0,42400
Mercedes,E 280,2020,567800,2.8,12900
Mazda,6,2020,270000,2.5,23500
Hyundai,Sonata,2024,62000,2.0,53900
Mercedes,G 63 AMG,2023,18000,4.0,399500
Hyundai,Sonata,2007,289600,2.4,12800
Land,Rover Discovery,2008,254000,4.4,25000
Volkswagen,Touareg,2004,300000,3.2,11500
Denza,Z9 GT,2025,20257400,2.0,86700
Volkswagen,Touareg,2013,152200,3.6,28900
BMW,X5,2020,189000,2.0,48450
Kia,Sorento,2013,170000,2.4,24700
LADA,(VAZ) 2107,2020,15000,1.5,4700
Mercedes,E 200,2002,65000,2.0,61500
Mercedes,S 500,2020,123000,4.7,38500
BMW,530e,2022,51585,2.0,81600
Mazda,Tribute,2004,318400,3.0,7500
Nissan,Teana,2008,335000,2.5,13500
Hyundai,Avante,2023,114850,1.6,35500
Changan,Qiyuan Q07,2020,0,1.5,45900
BMW,750,2020,248000,4.8,16720
Ford,Fusion (North America),2014,198000,2.5,16500
Chevrolet,Cruze,2017,106500,1.4,16400
Land,Rover Range Rover,2019,99000,3.0,88060
Toyota,Corolla,2017,82000,1.5,16300
Mercedes,C 230,2020,291902,2.3,12700
BMW,530,2020,115000,2.0,44000
Li,Auto L7,2020,0,1.5,85000
Changan,Uni-K iDD,2024,0,1.5,49900
Alfa,Romeo Stelvio,2023,0,2.0,92820
Geely,Monjaro,2025,0,1.5,57900
Kia,Sorento,2018,160000,2.2,44900
Mercedes,E 300 e,2022,78000,2.0,75650
BYD,Destroyer 05,2020,0,1.5,23500
Mercedes,C 180,2020,327000,1.8,12200
Toyota,Camry,2023,55000,2.5,48000
Nissan,X-Trail,2015,128000,2.5,25900
LADA,(VAZ) 2107,2020,35000,1.6,3600
Kia,K3,2020,128748,1.6,20000
LADA,(VAZ) 2107,2020,67000,1.6,5500
JAC,JS4,2020,0,1.5,23000
Mercedes,C 240,2020,586000,2.4,10800
BMW,520,2020,117000,2.0,51000
Li,Auto L9,2020,13000,1.5,107700
KamAz,5511,2020,500000,11.0,14500
Changan,Qiyuan A05,2020,0,1.5,30000
Mercedes,C 230,2020,340000,2.3,9000
Ford,Escape,2017,205191,2.0,22000
Nissan,Maxima,2004,195000,3.0,10000
Toyota,Land Cruiser Prado,2012,260000,2.7,38200
Ducati,1199 Panigale S,2020,315000,2.0,34000
Land,Rover Range Rover,2015,244450,3.0,61000
Audi,RS7,2020,92000,4.0,83300
LADA,(VAZ) Niva,2020,438000,1.7,4500
Kia,Stonic,2019,35000,1.4,22900
Mercedes,C 220,2020,398000,2.2,6900
Mercedes,C 180,2020,250000,1.8,9100
BMW,525,2020,285000,2.5,17500
BMW,318,2020,340000,2.0,10900
Skoda,Superb,2025,0,2.0,75900
Changan,Qiyuan A05,2020,0,1.5,27000
Changan,Uni-T,2022,55000,1.5,31000
Changan,Qiyuan Q07,2020,7500,1.5,48300
Hyundai,Sonata,2008,234546,2.0,15800
Changan,Qiyuan Q07,2020,3600,1.5,40700
Mercedes,S 450 4MATIC,2018,125000,3.0,157000
Kia,Optima,2015,193000,2.0,23000
Toyota,Land Cruiser,2011,305000,4.0,35000
Mercedes,GLA 45 AMG 4MATIC,2015,131000,2.0,39950
Toyota,Prius,2014,125000,1.8,19900
Chevrolet,Cruze,2013,270000,1.4,10900
Mitsubishi,Pajero,2002,400000,3.0,10500
Kia,Rio,2006,271000,1.5,10700
LADA,(VAZ) Granta,2024,60000,1.6,21404
Kia,Sorento,2010,110000,2.0,26000
Changan,Eado,2025,0,1.5,28100
BMW,530,2020,268000,3.0,18999
Ford,Transit,2008,281000,2.4,26000
Kia,Forte,2021,67500,1.6,28500
Chevrolet,Cruze,2014,175057,1.4,12900
Mercedes,E 250,2020,267000,2.0,27500
Changan,Qiyuan Q07,2020,7000,1.5,43900
Kia,Forte,2022,37000,1.6,29500
Tesla,Model S,2015,201551658,2.0,33500
Land,Rover Range Rover,2018,105573,3.0,98600
Audi,A6,2020,158000,2.0,26800
Mercedes,C 180,2020,550000,1.8,6500
Kia,Sportage,2024,42000,1.6,54000
Toyota,Fortuner,2013,320000,2.7,26500
Mercedes,C 200,2001,254885,2.0,9200
Hyundai,Accent,2020,98300,1.6,25700
FAW,Tiger VN,2024,0,2.3,87000
Mercedes,G 55 AMG,2009,137000,5.5,74999
Mercedes,GLE 400 e 4MATIC,2025,0,2.0,195795
Changan,Qiyuan A05,2020,0,1.5,32800
Mercedes,C 200 d,2022,30000,2.0,75650
Mercedes,Sprinter 315,2020,330000,2.2,23000
LADA,(VAZ) 2107,2020,63743,1.6,9500
Changan,Uni-Z,2025,0,1.5,36000
Ford,Mustang,2017,143232,2.3,35000
Changan,Qiyuan Q07,2020,0,1.5,45700
Land,Rover Discovery Sport,2016,135000,2.0,28500
Ford,Fusion (North America),2017,196000,2.0,25000
Opel,Vectra,1996,450000,1.8,5500
Mitsubishi,Pajero,2007,343000,3.0,17500
Kia,Optima,2018,123000,2.0,25800
Hyundai,Sonata,2018,115000,2.0,29300
Audi,A5,2020,154000,2.0,21500
LADA,(VAZ) 2107,2020,77000,1.6,6300
Toyota,Prius,2008,258003,1.5,12300
Ford,Focus,2013,203000,1.6,12700
Chevrolet,Cruze,2012,312000,1.4,9990
Toyota,Corolla,2005,299000,1.8,9300
LADA,(VAZ) 2115,2020,270000,1.5,7900
Changan,Uni-Z,2025,9300,1.5,32700
Changan,Qiyuan A05,2020,0,1.5,26800
LADA,(VAZ) Niva,2010,206000,1.7,7700
Nissan,Teana,2008,260000,2.5,14399
Hyundai,Santa Fe,2015,160000,2.0,29500
Mitsubishi,Pajero,2011,233525,3.5,25500
Toyota,FJ Cruiser,2013,278000,4.0,35500
Changan,Qiyuan Q07,2020,0,1.5,43800
BYD,Seal 06,2020,95300,1.5,23500
Toyota,Land Cruiser,2022,78000,4.0,118150
Mercedes,E 320,2020,280000,3.2,18500
Tesla,Model X,2018,201886600,2.0,71400
Toyota,Highlander,2024,0,2.5,79900
JAC,J7,2020,0,1.5,24800
Toyota,Camry,2025,0,2.5,71230
Renault,Sandero Stepway,2016,147000,1.6,13900
Kia,K3,2020,75000,1.6,22200
Changan,Uni-Z,2025,0,1.5,34300
Mercedes,Vito,2008,252000,2.1,21000
Toyota,Corolla,2025,0,1.8,33800
BYD,Seal 05,2020,0,1.5,23499
BYD,Seal 05,2020,0,1.5,25900
Opel,Astra,2007,265000,1.4,11100
BMW,740,2020,135000,3.0,82450
BMW,520,2020,300000,2.0,7700
Mercedes,V 220,2020,192500,2.1,45560
LADA,(VAZ) Niva,2019,103000,1.7,14300
Nissan,Tiida,2012,120000,1.5,14800
Hyundai,i30,2020,287000,1.6,18500
Hyundai,Santa Fe,2024,0,2.5,69900
Ford,Transit,1998,450000,2.5,15800
Toyota,Camry,2025,0,2.0,63500
Opel,Astra,2013,322222,1.3,14500
Chevrolet,Cobalt,2023,125000,1.5,22100
Hyundai,i30,2020,185266,1.6,18500
Hyundai,Accent,2019,141000,1.6,21900
UAZ,Patriot,2024,19000,2.7,28689
Honda,CR-V,2008,180100,2.4,18700
Honda,CR-V,2025,0,2.0,66900
LADA,(VAZ) Kalina Cross,2015,222854,1.6,9300
JMC,Grand Avenue,2025,0,2.3,63900
Voyah,Free,2025,0,1.5,69900
Honda,Accord,2021,153726,1.5,20400
Maserati,Grecale Modena,2025,0,2.0,160407
Ford,Transit,2007,270000,2.5,12800
Mercedes,GL 550 4MATIC,2013,205360,4.7,44000
JAC,M5,2020,102000,2.0,25900
Chevrolet,Aveo,2018,163456,1.4,16300
Toyota,Land Cruiser Prado,2010,204000,2.7,34500
Mercedes,C 300 4MATIC,2016,175000,2.0,33900
Hyundai,Santa Fe,2015,120000,2.4,33000
Toyota,Land Cruiser,2012,130000,4.0,51500
Mercedes,GLC 300 4MATIC,2018,77000,2.0,51000
GAC,S7,2020,4200,1.5,62900
Opel,Astra,2006,372458,1.3,8900
BMW,328,2020,200000,2.0,24500
Kia,Sorento,2013,120000,2.0,27300
Chevrolet,Cruze,2012,213000,1.4,11500
Chevrolet,Malibu,2018,98000,1.5,18000
Changan,Qiyuan Q07,2020,0,1.5,42400
Land,Rover Range Rover,2012,120000,5.0,43000
JAC,JS3,2020,0,1.6,22000
BMW,528,2020,206000,2.0,28000
Opel,Astra,2005,474040,1.4,10300
Toyota,Avalon,2015,300000,2.5,27000
LADA,(VAZ) 2106,2020,300000,1.6,5600
Volkswagen,Polo,2004,250000,1.4,3000
Land,Rover Range Rover,2015,138000,5.0,72930
Toyota,Corolla Levin,2025,31000,1.8,37000
GAZ,GAZel (3302-18),2020,460000,2.5,19000
Ford,Escape,2017,222600,1.5,16700
Kia,Picanto,2025,0,1.2,28900
Kia,Carnival,2025,0,1.6,92400
Changan,Qiyuan Q07,2020,0,1.5,49500
Mercedes,GLE 350 e 4MATIC Coupe,2022,16500,2.0,124950
Mercedes,E 500,2020,90500,5.0,28500
Mercedes,Vito 119 CDI,2019,291000,2.1,52800
Mercedes,E 200,2002,157400,2.0,36000
GWM,(Great Wall Motor) Wingle 7,2020,149500,2.0,23500
Hyundai,Elantra,2021,62271,1.6,30500
Ford,Transit,1998,356825,2.5,11800
Lifan,320,2020,300000,1.3,6500
LADA,(VAZ) 2106,2020,115859,1.6,3700
Nissan,X-Trail,2002,255000,2.0,10500
Tesla,Model 3,2020,3202250000,2.0,36500
Chevrolet,Trax,2023,17425,1.2,28800
Ford,Fusion (North America),2016,190000,1.5,17100
Mercedes,E 300,2020,95000,2.0,54700
Hyundai,Avante,2017,137400,1.6,25500
Hyundai,Elantra,2014,168981,1.8,19800
LADA,(VAZ) Priora,2018,166000,1.8,14800
LADA,(VAZ) 2107,2020,346000,1.6,4500
BMW,528,2020,253000,2.0,21500
Kia,Rio,2008,290000,1.4,11600
Khazar,SD,2019,361000,1.7,8200
LADA,(VAZ) 2114,2020,125639,1.6,10900
Toyota,Land Cruiser Prado,2004,290000,2.7,22500
Changan,Qiyuan Q07,2020,0,1.5,44200
Land,Rover RR Sport,2019,79800,3.0,73440
BMW,X5,2020,157000,2.0,49000
Hyundai,Sonata,2022,50272,1.6,43000
Toyota,Prius,2005,300000,1.5,9000
Mercedes,C 250,2020,134000,1.8,23900
Mercedes,S 550,2020,195000,5.5,31000
Mercedes,E 300,2020,141959,2.0,29750
Honda,Insight,2021,185075,1.5,19040
Geely,Galaxy M9,2020,0,1.5,81900
Kia,Sportage,2008,440105,2.0,15000
Chevrolet,Cruze,2017,248000,1.4,14800
Land,Rover Defender,2020,73500,3.0,130000
Tesla,Model 3,2020,3202344579,2.0,29500
Ford,Transit,2010,254176,2.2,17300
Chery,Tiggo (T11),2014,237000,1.9,7500
Land,Rover Range Rover,2018,97300,3.0,89930
Hyundai,Venue,2020,85000,1.6,23900
Hyundai,Elantra,2016,173000,2.0,20500
Nissan,Qashqai,2019,71500,2.0,27900
Ford,Escape,2018,161000,1.5,20900
Ford,Transit,1999,670000,2.5,8600
LADA,(VAZ) Priora,2015,98453,1.6,13000
Toyota,Corolla,2024,3000,1.8,34000
Ford,Escape,2020,46000,1.5,27900
Hyundai,Venue,2022,67500,1.6,25900
BMW,i4,2020,4202340000,2.0,70000
Land,Rover RR Velar,2019,91000,2.0,59330
Chevrolet,Cobalt,2025,27000,1.5,20000
Nissan,Tiida,2008,246300,1.6,11400
Nissan,Kicks,2018,111000,1.6,23900
Mitsubishi,Eclipse Cross,2019,169000,1.5,23900
Kia,EV6,2020,6202419000,2.0,45730
Honda,e:NP1,2020,1202265000,2.0,24900
BMW,420,2020,266000,2.0,40500
LADA,(VAZ) Niva,2019,54549,1.7,15999
LADA,(VAZ) 2106,2020,125000,1.5,3900
LADA,(VAZ) 2106,2020,616565,1.6,4000
Changan,Qiyuan Q05,2020,0,1.5,30500
Land,Rover Range Rover,2019,168000,3.0,71400
DFSK,Glory 330 S,2024,0,1.5,24800
Land,Rover Defender,2020,86900,3.0,137530
BMW,M440,2020,12500,3.0,125800
Ford,Transit,2009,300000,2.2,15000
GAZ,GAZel (3302-18),2020,245655,2.7,17900
Jeep,Grand Cherokee,2022,32800,2.0,82110
Kia,Pride,2008,247393,1.5,11000
BMW,530e,2019,98000,2.0,49500
Volkswagen,Touareg,2007,225000,3.0,17500
Land,Rover Range Rover,2010,218100,3.6,45050
Mercedes,E 240,2020,263000,2.4,11900
Opel,Astra,2005,180000,1.4,10500
Ford,Transit,2012,152000,2.2,28500
Changan,Nevo A05,2020,0,1.5,32900
Changan,Alsvin,2024,0,1.5,23900
Kia,Rio,2020,78858,1.6,21800
Changan,Deepal S09,2020,0,1.5,87900
GAZ,GAZel (2705),2020,350000,2.4,5500
Changan,Qiyuan Q07,2020,0,1.5,51900
Toyota,Land Cruiser Prado,2008,340000,4.0,28600
BYD,Destroyer 05,2020,0,1.5,24900
Changan,Deepal S07,2020,0,1.5,55900
Hyundai,Elantra,2015,151000,1.8,19900
Mercedes,E 300,2020,185553,2.0,44900
BMW,528,2020,390000,3.0,23500
Mitsubishi,L200,2002,351000,2.5,31000
Hyundai,Tucson,2008,208700,2.0,16500
BMW,530,2020,143000,2.0,49500
BMW,320,2020,281000,2.2,12000
BMW,745,2020,334000,4.4,7800
Toyota,Prius,2008,265457,1.5,11700
LADA,(VAZ) 2107,2020,466464,1.6,4500
Mercedes,E 200,2002,0,2.0,147373
Land,Rover RR Velar,2022,43000,2.0,86360
Toyota,Prius,2023,14900,2.0,46410
Opel,Astra,2006,286455,1.4,10400
Chevrolet,Equinox,2020,103000,1.5,23400
Changan,Uni-V iDD,2025,11600,1.5,35001
Mazda,2,2020,304000,1.5,7000
Mercedes,E 300 e,2021,105000,2.0,76500
BMW,530e,2021,49200,2.0,76670
Mercedes,Vito 111 CDI,2004,285000,2.1,17200
Hyundai,Elantra,2015,204000,1.6,21900
Nissan,Sunny,2018,205000,1.5,13900
KTM,RC 390,2020,32800,2.0,11000
Hyundai,Elantra,2015,130357,1.8,18900
Hyundai,Sonata,2012,201000,2.4,18500
BYD,Destroyer 05,2020,0,1.5,24700
Volkswagen,Jetta,2001,109400,1.8,4800
BMW,X5,2020,31800,3.0,78000
LADA,(VAZ) 2106,2020,66853,1.6,3800
Nissan,Note,2016,32000,1.2,14150
Toyota,Land Cruiser,2008,126000,4.0,49810
Toyota,Land Cruiser Prado,2008,149000,2.7,32500
Opel,Antara,2013,74000,2.4,16000
BMW,525,2020,294521,2.5,12500
BMW,528,2020,94000,2.0,26000
Chevrolet,Cruze,2014,255000,1.4,14500
Hyundai,Grandeur,2018,107000,3.0,41500
Changan,Deepal S07,2020,0,1.5,46000
Hyundai,Elantra,2014,211021,2.0,20900
Geely,Galaxy M9,2020,0,1.5,66000
Toyota,Prius,2008,300000,1.5,12800
Mitsubishi,L200,2002,0,2.4,61100
Isuzu,Turkuaz,2025,0,5.2,235000
Mercedes,CLS 450 4MATIC,2018,65800,3.0,99450
Mercedes,E 200,2002,0,2.0,180563
Lexus,GS 250,2020,158000,2.5,34700
Changan,Uni-Z,2025,0,1.5,33800
LADA,(VAZ) 2107,2020,50000,1.6,6700
BMW,530,2020,140000,2.0,44500
Toyota,Corolla Fielder,2018,120422,1.5,20800
Chevrolet,Trax,2019,77000,1.4,18200
Audi,200,2001,123000,2.1,3500
BMW,530,2020,403000,3.0,14000
Hyundai,Santa Fe,2018,165944,2.0,35900
BMW,528,2020,211021,2.0,22800
Khazar,LD,2020,175000,1.7,12000
Hyundai,Elantra,2018,137568,1.6,23900
Mercedes,S 500,2020,233500,4.7,34510
Kia,Sorento,2017,103000,2.0,43400
Chevrolet,Cruze,2012,204355,1.4,12200
Land,Rover Range Rover,2008,247021,4.2,23900
Daewoo,Matiz,2008,1000,0.8,5300
LADA,(VAZ) 2115,2020,186021,1.6,8500
Toyota,Hilux,2025,0,2.8,84660
Kia,Rio,2008,282021,1.6,13200
Kia,Sorento,2016,180000,2.0,36500
Lynk,& Co 900,2020,0,1.5,105000
Mercedes,ML 350,2020,240580,3.7,12800
Mercedes,E 220,2020,320000,2.2,19500
Mercedes,E 240,2020,334000,2.6,15400
Skoda,Fabia,2011,345000,1.2,6900
Toyota,Prius C,2014,239520,1.5,14500
Li,Auto L9,2020,10000,1.5,106000
Skoda,Octavia,2024,0,1.5,46900
Changan,Qiyuan Q05,2020,0,1.5,33499
Mercedes,E 200,2002,86000,1.8,25500
Kia,Sorento,2021,128800,2.5,45500
Opel,Astra,2010,356000,1.6,12400
LADA,(VAZ) 2106,2020,288000,1.3,12500
Kia,Sorento,2016,188000,2.0,37800
Mercedes,E 290,2020,600000,2.9,5800
Toyota,Land Cruiser,2012,109000,4.6,69500
Kia,Sorento,2016,186700,2.0,32200
Hummer,H3,2020,243000,3.5,18600
Kia,K5,2020,190000,1.7,23700
Hyundai,Sonata,2016,95000,2.0,26500
Land,Rover Discovery,2014,202000,3.0,37500
Peugeot,508,2020,24000,1.6,48500
Mercedes,S 320,2020,485000,3.2,8900
Ford,Fusion (North America),2016,221000,1.5,18500
Hyundai,Elantra,2020,98000,2.0,25500
Kia,Forte,2020,98000,2.0,25500
Hyundai,Elantra,2020,70000,2.0,24800
Hyundai,Elantra,2017,110000,2.0,22800
Hyundai,Elantra,2019,86000,2.0,24800
Hyundai,Elantra,2017,97000,2.0,22800
LADA,(VAZ) Granta,2015,250000,1.6,12000
BENDA,Napoleonbob 250,2020,0,0.3,8899
BMW,528,2020,93000,2.0,29900
Audi,Q7,2020,0,2.0,157596
Chevrolet,Camaro,2012,188000,3.6,23500
Kia,Sorento,2005,25445,2.5,13000
Mercedes,E 280,2020,388950,3.0,15900
Honda,Accord,2023,29000,2.0,41200
BMW,X5,2020,109000,3.0,57800
Hyundai,Sonata,2016,200000,2.0,32500
Toyota,Prius,2010,359000,1.8,10888
Li,Auto L7,2020,0,1.5,93000
BYD,Seal 05,2020,0,1.5,25500
Nissan,Navara,2024,0,2.5,55900
Toyota,Prius,2008,245357,1.5,12700
Chevrolet,Cruze,2013,270000,1.4,11500
BMW,325,2020,328000,2.5,3600
Chevrolet,Aveo,2011,317712,1.4,7500
Changan,Qiyuan Q07,2020,2200,1.5,49500
Mercedes,E 300,2020,125284,2.0,36900
Nissan,March,2012,95000,1.2,10800
BMW,X7,2020,59143,3.0,129900
Toyota,Prius,2008,308121,1.5,9900
Land,Rover Range Rover,2020,80000,2.0,117300
Volkswagen,Touareg,2008,240123,3.6,13900
BMW,330e,2017,75000,2.0,33000
Ford,Fusion (North America),2014,305775,1.5,13900
Land,Rover Range Rover,2017,149669,3.0,49900
Mercedes,ML 320,2020,270023,3.2,9300
LADA,(VAZ) 2104,2020,180000,1.6,6400
BYD,Destroyer 05,2020,20000,1.5,20000
BYD,Leopard 8,2020,8900,2.0,105500
Audi,A7,2020,62000,2.0,72845
Porsche,Cayenne Turbo S,2016,124000,4.8,88060
Mercedes,GL 450 4MATIC,2015,223129,3.0,57800
LADA,(VAZ) 2107,2020,84387,1.6,5500
Toyota,Corolla,2025,115,1.8,45800
Hyundai,Elantra,2012,198000,1.8,20500
Opel,Astra,2008,541573,1.3,7600
LADA,(VAZ) Niva,2025,450,1.7,29800
Skoda,Karoq,2020,26800,1.4,37900
GAZ,GAZel (32212),2020,850000,2.5,5500
Opel,Omega,1998,280000,2.0,4500
Porsche,Panamera 4S,2017,111000,2.9,94860
ZEEKR,X,2023,20230,2.0,38233
LADA,(VAZ) 21099,2020,500000,1.5,4200
BMW,535,2020,188000,3.0,29900
Porsche,Cayenne GTS,2013,126000,4.8,40700
Hyundai,Santa Fe,2009,190000,2.0,20900
Mercedes,E 200,2002,398000,1.8,15600
Changan,Qiyuan Q07,2020,0,1.5,48500
Opel,Astra,1996,458889,1.7,2900
BMW,X5 M,2015,60366,4.4,76500
Opel,Astra,2007,302147,1.4,11700
Kia,Optima,2018,177000,2.0,26888
Ford,Transit,2008,280000,2.4,18300
Kia,Optima,2015,224000,2.0,21900
Opel,Vectra,1998,178346,1.8,5400
BMW,750,2020,285000,4.8,12000
Changan,Qiyuan Q07,2020,0,1.5,44500
Kia,Morning,2014,188570,1.0,13500
Toyota,Corolla Cross,2025,18200,2.0,41000
Mercedes,E 220,2020,315000,2.1,26000
Changan,Qiyuan Q05,2020,0,1.5,33900
Land,Rover Range Rover,2018,159000,3.0,101830
Mercedes,C 200,2002,49100,1.5,74460
Toyota,Camry,2008,212000,2.4,18500
Dodge,Charger,2012,152000,3.6,23777
Opel,Astra,1998,350000,1.8,8300
Hyundai,Sonata,2014,196111,2.0,22900
Kia,Sorento,2016,294000,2.0,33000
Chevrolet,Cruze,2011,188320,2.0,11300
Changan,Qiyuan Q07,2020,15000,1.5,46000
LADA,(VAZ) 2115,2020,76000,1.5,7800
Land,Rover RR Velar,2019,118000,2.0,46750
Hyundai,i20,2020,0,1.4,30500
Toyota,Camry,2020,125000,2.5,42500
Mercedes,S 350 d,2018,195000,2.9,78000
BMW,523,2020,315000,2.5,8000
Mercedes,E 350,2020,422000,3.5,17300
Kia,Rio,2023,12900,1.6,25000
BMW,530,2020,160000,2.0,37000
CFMOTO,675 SR-R,2025,0,0.6,15490
Mercedes,S 500,2020,250000,4.7,35000
Ford,Fusion (North America),2017,170503,1.5,17600
Mercedes,E 280,2020,310079,2.8,11900
Land,Rover RR Evoque,2015,150000,2.0,29000
Volvo,XC90,2020,295212,2.5,11800
Kia,Sportage,2019,178000,2.0,35000
CFMOTO,1000MTX,2020,0,1.0,24500
LADA,(VAZ) 2115,2020,215000,1.6,5900
LADA,(VAZ) 2107,2020,72500,1.6,7800
Mercedes,G 500,2020,133000,5.0,74630
Haval,H6,2020,0,1.5,48500
Li,Auto L7,2020,0,1.5,89900
BMW,X5,2020,120000,2.0,37500
Mercedes,Vito 114 CDI,2017,190000,2.1,46750
Jeep,Wrangler,2024,8450,2.0,92000
Toyota,Camry,2024,30700,2.0,53000
Kia,Sportage,2016,93000,2.0,32000
Jaguar,F-Pace,2017,144000,2.0,36550
Saipa,Saina,2020,230700,1.5,8900
Hyundai,Sonata,2016,134000,2.0,32000
Honda,CR-V,2024,15900,2.0,61200
Hyundai,Sonata,2016,268760,2.0,23200
BMW,M4,2020,23900,3.0,236300
Hyundai,Elantra,2013,468000,1.8,16500
Kia,K7,2020,149000,2.2,34000
Mercedes,Sprinter 315,2020,228000,2.2,19800
Chevrolet,Equinox,2019,154497,2.0,27600
LADA,(VAZ) 2115,2020,498018,1.6,6800
LADA,(VAZ) Niva,2016,150000,1.7,13300
Ford,Transit,2008,310000,2.4,25500
Hyundai,Elantra,2014,125000,1.8,25000
Chery,Tiggo 2,2020,43000,1.5,16500
Toyota,Corolla,2014,163000,2.0,23500
Opel,Astra,1999,386000,1.6,8500
Ford,Transit,2007,210000,2.4,18500
Jeep,Grand Cherokee,2012,254000,3.0,29500
Hyundai,Tucson,2008,242000,2.0,14700
Toyota,Land Cruiser Prado,2009,142000,2.7,33900
Hyundai,Grandeur,2023,22000,1.6,40800
Jaguar,I-Pace,2023,20230,2.0,134640
Land,Rover Range Rover,2011,114000,5.0,33000
Geely,Galaxy A7,2020,0,1.5,29800
BENDA,Dark Flag 500 Commander,2025,0,0.6,15499
Hyundai,Sonata,2011,166000,2.0,20900
BYD,Destroyer 05,2020,3000,1.5,37704
BYD,Leopard 5,2020,3500,1.5,83700
Ford,Fusion (North America),2018,180000,1.5,20000
Mercedes,G 55 AMG,2011,181000,5.5,59900
Daewoo,Nexia,2011,794957,1.5,4000
Chevrolet,Cruze,2012,280000,1.4,11800
Hyundai,Grandeur,2025,700,1.6,89500
Kia,Sorento,2014,183000,2.0,34000
Kia,Sorento,2013,142000,2.0,31500
Kia,Sportage,2007,219000,2.0,16800
Mercedes,Vito 111 CDI,2010,518680,2.1,25500
Kia,Optima,2017,183454,1.6,25000
Toyota,Land Cruiser Prado,2012,219000,2.7,39000
Mercedes,AMG GT 53 4MATIC+,2020,68000,3.0,149600
Hyundai,Grandeur,2023,35000,1.6,72000
BMW,X6,2020,178000,3.0,27500
Kia,Sorento,2016,113000,2.0,34500
Hyundai,Accent,2021,89000,1.6,19700
BYD,Destroyer 05,2020,0,1.5,23400
BMW,530e,2018,140013,2.0,49130
Toyota,Camry,2025,0,2.0,65450
Hyundai,ix35,2020,303500,2.0,25000
Hyundai,Elantra,2015,145000,1.8,21500
Land,Rover RR Sport,2014,120000,5.0,53500
Changan,CS 55 Plus,2021,98328,1.5,23500
Toyota,RAV4,2020,114000,2.5,54400
Toyota,Corolla,2025,0,1.8,34300
SamAuto,HD50,2020,0,5.2,149000
Mercedes,SL 55 4MATIC+,2024,0,4.0,391482
BYD,Destroyer 05,2020,0,1.5,25500
Changan,Qiyuan A05,2020,0,1.5,27900
Jeep,Wrangler,2024,19020,2.0,82700
Chevrolet,Cruze,2016,136000,1.4,15000
Hyundai,Elantra,2025,5000,1.6,40500
Toyota,RAV4,2020,92000,2.0,42800
Mitsubishi,Pajero,2017,118000,3.0,35800
Changan,Qiyuan A05,2020,0,1.5,28500
Volkswagen,ID.UNYX,2024,20240,2.0,42900
BMW,330,2020,31000,2.0,42500
LADA,(VAZ) 2107,2020,260000,1.6,7300
Kia,Sorento,2016,174000,2.0,32900
Kia,Sorento,2016,285007,2.0,30500
GAZ,53,2020,105252,4.3,3200
Kia,Forte,2016,147000,2.0,19900
Kia,Sorento,2013,127000,2.0,26900
Hyundai,Sonata,2012,214043,2.0,21000
ZEEKR,9X,2025,0,2.0,194900
BMW,740,2020,69500,3.0,89900
Tesla,Model 3,2020,3202318900,2.0,38900
BMW,530,2020,162000,2.0,49800
Honda,e:NS1,2020,120230,2.0,36900
BYD,Destroyer 05,2020,0,1.5,32000
Li,Auto L9,2020,49700,1.5,78030
DFSK,C-35,2020,0,1.5,27200
Geely,Galaxy Starship 7,2020,0,1.5,42500
Mercedes,C 250,2020,270000,1.8,19000
Ford,Transit,1999,380000,2.5,14800
Changan,Uni-Z,2025,0,1.5,34400
Hyundai,Accent,2022,24784,1.6,22000
Chevrolet,Cruze,2018,85770,1.4,16800
Toyota,Aqua,2017,160000,1.5,23700
BMW,328,2020,160000,2.0,28000
Opel,Astra,2006,314000,1.4,11000
Changan,Uni-Z,2025,0,1.5,36700
Renault,Megane,2005,383000,1.6,8000
Hyundai,Elantra,2018,200123,1.6,23800
BYD,Seal 05,2020,0,1.5,24900
Mercedes,C 180,2020,250000,1.8,6500
Ford,Transit,1997,496553,2.5,13900
Opel,Insignia,2013,140000,2.0,14900
BMW,316,2020,304458,1.6,5000
Changan,Qiyuan Q07,2020,0,1.5,47000
LADA,(VAZ) 21099,2020,458125,1.6,4200
Kia,Ceed,2007,262046,1.4,11500
Hyundai,Tucson,2007,450000,2.0,15300
LADA,(VAZ) 21099,2020,284688,1.5,3300
Nissan,X-Trail,2002,173000,2.0,11600
Chevrolet,Niva,2006,274000,1.7,5000
Mercedes,GLS 400 4MATIC,2018,71000,3.0,90100
Ford,Fusion (North America),2020,65000,1.5,24999
Chevrolet,Camaro,2010,236000,3.6,20500
UAZ,390995,2020,0,2.7,22500
Changan,Deepal S07,2020,0,1.5,49900
Changan,K50 (Hunter),2025,0,2.0,52000
Toyota,Prius Prime,2017,198000,1.8,24000
Ford,Mustang,2017,137000,2.3,35000
ZEEKR,9X,2025,0,2.0,180000
Porsche,Cayenne GTS,2013,96500,4.8,51000
BMW,520,2020,130000,2.0,34500
LADA,(VAZ) Niva,2014,88300,1.7,12200
BMW,430,2020,137000,2.0,36900
Toyota,Camry,2013,163000,2.5,26200
Ford,Mustang,2019,74751,2.3,42500
Volkswagen,Passat,2022,39000,1.5,43000
Honda,CR-V,2023,25000,2.0,67200
Hyundai,Grandeur,2023,30695,1.6,74700
Ford,Edge,2017,119436,2.0,32500
ZEEKR,9X,2025,0,2.0,200600
Chevrolet,Cruze,2015,174600,1.4,14900
Nissan,Patrol,2025,4000,3.5,221850
Changan,CS 55 Plus,2025,0,1.5,33900
Mercedes,C 240,2020,478000,2.4,10500
Mercedes,Sprinter 316,2020,162000,2.2,98000
Mercedes,G 55 AMG,2004,158000,5.4,62000
Hyundai,Elantra,2018,233000,2.0,20700
Changan,Uni-Z,2025,0,1.5,35800
Changan,Uni-Z,2025,0,1.5,33500
Mercedes,E 300,2020,57342,2.0,57500
Land,Rover Range Rover,2015,209000,3.0,53890
Lynk,& Co 900,2020,0,2.0,107999
Mercedes,AMG GT 53 4MATIC+,2022,33000,3.0,164900
Toyota,Camry,2017,235000,2.5,28900
Hyundai,Grandeur,2023,54000,1.6,73950
BMW,330,2020,108500,2.0,37000
Volkswagen,Passat CC,2012,242110,2.0,12700
Alfa,Romeo Giulia,2017,125000,2.0,33000
Mercedes,E 280,2020,20005,2.8,11200
GAZ,GAZel (33021),2020,212744,2.4,7700
Opel,Vectra,1998,292000,1.8,5700
BMW,i5,2020,5202514900,2.0,119900
Mercedes,E 240,2020,350000,2.4,13800
Changan,Uni-Z,2025,0,1.5,35790
Land,Rover Range Rover,2004,265000,4.4,20500
Toyota,Land Cruiser Prado,2012,200000,2.7,39000
Hyundai,Sonata,2011,247667,2.0,15000
BMW,M6,2020,68500,4.4,105900
Mercedes,E 220,2020,408000,2.2,15900
Toyota,Camry,2025,0,2.0,67830
Kia,Optima,2018,150200,2.0,30500
Chevrolet,Aveo,2012,241477,1.4,10700
BMW,X7,2020,15950,3.0,179990
Hyundai,Santa Fe,2014,195000,2.4,28800
Toyota,Corolla,2023,51000,1.6,34000
Mercedes,E 240,2020,323000,2.4,14000
Changan,F70 (Hunter),2024,0,1.9,43900
Ford,Focus,2014,165000,1.6,11500
Ford,Transit,2008,181350,2.2,21900
Nissan,Qashqai,2013,189000,2.0,18500
BMW,530e,2022,24000,2.0,106250
Kia,Optima,2010,196500,2.4,19500
LADA,(VAZ) Niva,2024,30000,1.7,19000
BMW,X5,2020,179000,2.0,47600
BYD,Qin Plus,2025,0,1.5,24900
Ford,Mondeo,2011,340000,2.3,11500
Toyota,Aqua,2015,91000,1.5,17000
Changan,Qiyuan Q07,2020,9000,1.5,44000
Kia,Sorento,2018,203000,2.0,35500
Mercedes,C 300,2020,41000,2.0,22270
Chevrolet,Cruze,2014,243494,1.4,13800
Hyundai,Grandeur,2023,59000,1.6,68800
Ford,Transit,2011,197000,2.2,21500
Mercedes,ML 350 4MATIC,2012,176500,3.5,33000
Chevrolet,Cruze,2017,156700,1.4,15900
LADA,(VAZ) 2104,2020,87000,1.5,6800
Mercedes,ML 350 4MATIC,2012,148000,3.0,37000
Toyota,Camry,2015,198000,2.5,28800
Mercedes,Vito 112 CDI,1999,444400,2.1,9000
Mercedes,Atego 816,2020,629000,4.3,34900
Opel,Astra,2008,267000,1.3,12800
Changan,Alsvin,2024,0,1.5,25900
FAW,Tiger VR,2024,0,2.3,31500
Kia,Soluto,2025,0,1.4,25500
BMW,530e,2021,76000,2.0,76330
Changan,Qiyuan A05,2020,0,1.5,30500
JETOUR,T2 i-DM,2025,4500,1.5,62730
Changan,CS 55 Plus,2025,2200,1.5,62000
Tofas,Sahin,2004,99651,1.6,6700
LADA,(VAZ) Niva,2013,198200,1.7,9700
BYD,Seal 05,2020,0,1.5,23500
Hyundai,Sonata,2015,130000,2.0,21100
Changan,Qiyuan Q07,2020,0,1.5,53000
Daewoo,Gentra,2013,207000,1.5,10500
Chevrolet,Cruze,2013,250000,1.4,13800
Mercedes,GL 450 4MATIC,2015,178000,3.0,54000
Kia,K5,2020,188000,1.6,30000
LADA,(VAZ) Niva,2012,150000,1.7,12800
Hyundai,Accent,2012,240000,1.6,12500
Mercedes,E 300 d,2017,175000,2.0,46900
Hyundai,Santa Fe,2021,100000,2.2,54500
Mercedes,GLE 350,2020,111000,2.0,84400
LADA,(VAZ) 2109,2020,217000,1.5,4200
Mercedes,Atego 1224,2020,500000,6.4,45000
Land,Rover Range Rover,2020,165000,3.0,87000
Mercedes,C 200,2002,350000,2.0,12100
Mercedes,C 230,2020,299000,2.3,10800
Nissan,March,2012,100000,1.2,10900
Hyundai,Santa Fe,2008,120300,2.0,19900
Changan,Uni-Z,2025,0,1.5,33900
Mazda,EZ-60,2020,0,1.5,52700
Ford,Transit,2014,294519,2.2,28050
Changan,K50 (Hunter),2025,0,2.0,52900
GAC,Aion ES,2024,20240,2.0,29900
ZEEKR,007 GT,2025,20250,2.0,84150
BMW,328,2020,125000,2.0,27000
Toyota,Corolla,2025,0,1.8,33300
Bentley,Bentayga,2024,2000,4.0,692622
Toyota,Frontlander,2025,0,2.0,41500
Mercedes,E 220,2020,503000,2.2,12500
Toyota,RAV4,2020,179807,2.0,29500
Maextro,S800,2020,0,1.5,239990
Nissan,Qashqai,2013,199999,2.0,17500
Voyah,Taishan,2026,0,1.5,139990
Neta,GT,2023,202314000,2.0,38930
BAW,212,2020,0,2.0,59990
Kia,K3,2020,85000,1.5,30000
Toyota,Fortuner,2005,288000,4.0,24900
Li,Auto L7,2020,0,1.5,94900
Audi,Q7,2020,220000,3.6,23000
Chevrolet,Monza,2024,88000,1.3,34068
Kia,K3,2020,183000,1.6,21800
Changan,Qiyuan Q07,2020,0,1.5,38990
Lexus,RX 300,2020,214468,3.0,8400
Changan,Qiyuan Q07,2020,0,1.5,48900
Ford,Fusion (North America),2020,170000,1.5,21900
Haval,Raptor,2025,0,1.5,59900
Hyundai,Avante,2007,264000,1.6,12800
Kia,Carnival,2015,181500,2.2,31600
Land,Rover Range Rover,2008,195500,4.2,32800
Toyota,Land Cruiser Prado,2005,318000,2.7,22300
Changan,Uni-Z,2025,0,1.5,37500
Land,Rover Range Rover,2024,0,3.0,343740
BMW,530e,2024,3000,2.0,130050
Hyundai,Elantra,2014,310423,1.8,17800
Jeep,Grand Cherokee,2020,61000,3.0,55000
Ford,Fusion (North America),2013,225000,1.5,15800
Audi,A6,2020,270300,2.8,23800
BMW,330,2020,98000,2.0,51000
Mercedes,Atego 817,2020,450000,4.3,21900
Lexus,RX 350,2020,280000,3.5,15500
Chevrolet,Cruze,2012,250000,1.4,12200
BMW,525,2020,376000,2.5,17500
Hyundai,Elantra,2013,245222,1.8,15500
Honda,Insight,2021,127500,1.5,30700
Ford,Transit,2008,213123,2.2,19700
LADA,(VAZ) 2106,2020,25800,1.5,1500
Ford,Fusion (North America),2014,226000,1.5,13600
Chevrolet,Equinox,2019,129060,1.5,23400
Skoda,Rapid,2021,97000,1.6,23200
Kia,Optima,2013,140000,2.0,22000
BYD,Destroyer 05,2020,0,1.5,23000
BMW,530,2020,96500,2.0,43000
Toyota,Land Cruiser Prado,2010,168000,2.7,35700
Chevrolet,Cruze,2016,165000,1.4,14800
Mercedes,GLE 350 e 4MATIC Coupe,2022,20000,2.0,122400
Hyundai,Santa Fe,2025,11500,1.6,73000
